broccoli.jpg	COMIDA
pizza.jpg	COMIDA
pizza2.jpg	COMIDA
teddy2.jpg	BRINQUEDO
teddy3.jpg	BRINQUEDO
teddy4.jpg	BRINQUEDO
toaster.jpg	UTENSILIO
toaster2.png	UTENSILIO
yoda1.jpg	MESTRE_YODA
yoda2.jpg	MESTRE_YODA
yoda3.jpg	MESTRE_YODA
yoda4.jpg	MESTRE_YODA
yoda5.jpg	MESTRE_YODA
yoda6.jpg	MESTRE_YODA
yoda7.jpg	MESTRE_YODA
yoda8.jpg	MESTRE_YODA
yoda9.jpg	MESTRE_YODA
yoda10.jpg	MESTRE_YODA
yoda11.jpg	MESTRE_YODA
yoda12.jpg	MESTRE_YODA
yoda13.jpg	MESTRE_YODA
yoda14.jpg	MESTRE_YODA
yoda15.jpg	MESTRE_YODA
yoda17.jpg	MESTRE_YODA
yoda18.jpg	MESTRE_YODA
yoda19.jpg	MESTRE_YODA
yoda20.jpg	MESTRE_YODA
yoda21.jpg	MESTRE_YODA
teste.jpg	MESTRE_YODA
2.jpg	HOMEM
3.jpg	HOMEM
4.jpg	HOMEM
5.jpg	HOMEM
6.jpg	HOMEM
12.jpg	HOMEM
CEZAR.jpg	HOMEM
000007.jpg	HOMEM
000008.jpg	HOMEM
000015.jpg	HOMEM
000016.jpg	HOMEM
000025.jpg	HOMEM
000032.jpg	HOMEM
000033.jpg	HOMEM
000090.jpg	HOMEM
000109.jpg	HOMEM
000120.jpg	HOMEM
000130.jpg	HOMEM
000135.jpg	HOMEM
000136.jpg	HOMEM
000143.jpg	HOMEM
000144.jpg	HOMEM
000153.jpg	HOMEM
000154.jpg	HOMEM
000158.jpg	HOMEM
000160.jpg	HOMEM
000202.jpg	HOMEM
000212.jpg	HOMEM
000221.jpg	HOMEM
000242.jpg	HOMEM
000253.jpg	HOMEM
000255.jpg	HOMEM
000264.jpg	HOMEM
000266.jpg	HOMEM
201981.jpg	HOMEM
202082.jpg	HOMEM
202084.jpg	HOMEM
202141.jpg	HOMEM
202183.jpg	HOMEM
202375.jpg	HOMEM
202589.jpg	HOMEM
202590.jpg	HOMEM
a1.jpg	MULHER
a2.jpg	MULHER
a3.jpg	MULHER
a4.jpg	MULHER
a5.jpg	MULHER
a6.jpg	MULHER
a7.jpg	MULHER
b1.jpg	MULHER
b2.jpg	MULHER
b3.jpg	MULHER
b4.jpg	MULHER
b5.jpg	MULHER
b6.jpg	MULHER
b7.jpg	MULHER
b8.jpg	MULHER
000001.jpg	MULHER
000002.jpg	MULHER
000004.jpg	MULHER
000005.jpg	MULHER
000006.jpg	MULHER
000009.jpg	MULHER
000010.jpg	MULHER
000018.jpg	MULHER
000019.jpg	MULHER
000022.jpg	MULHER
000024.jpg	MULHER
000026.jpg	MULHER
000028.jpg	MULHER
000029.jpg	MULHER
000042.jpg	MULHER
000044.jpg	MULHER
000045.jpg	MULHER
000046.jpg	MULHER
000047.jpg	MULHER
000054.jpg	MULHER
000071.jpg	MULHER
000083.jpg	MULHER
000092.jpg	MULHER
000093.jpg	MULHER
000157.jpg	MULHER
000228.jpg	MULHER
000231.jpg	MULHER
000232.jpg	MULHER
000233.jpg	MULHER
000236.jpg	MULHER
000239.jpg	MULHER
000326.jpg	MULHER
000332.jpg	MULHER
000345.jpg	MULHER
000348.jpg	MULHER
000349.jpg	MULHER
000351.jpg	MULHER
000357.jpg	MULHER
000421.jpg	MULHER
000424.jpg	MULHER
000432.jpg	MULHER
000533.jpg	MULHER
000679.jpg	MULHER
000742.jpg	MULHER
000761.jpg	MULHER